{
  "framework": "angular-v13.0.0-keyed",
  "keyed": true,
  "benchmark": "01_run1k",
  "type": "cpu",
  "min": 121.046,
  "max": 128.964,
  "mean": 125.174,
  "median": 125.536,
  "geometricMean": 125.15348684508763,
  "standardDeviation": 2.3856428902918365,
  "values": [
    121.046,
    122.651,
    123.013,
    125.151,
    125.365,
    125.707,
    125.859,
    126.161,
    127.823,
    128.964
  ]
}