{"framework":"angular-nozone-v13.0.0-keyed","keyed":true,"benchmark":"26_run-10k-memory","type":"memory","min":22.76393222808838,"max":22.76393222808838,"mean":22.76393222808838,"median":22.76393222808838,"geometricMean":22.76393222808838,"standardDeviation":null,"values":[22.76393222808838]}