{
  "framework": "angular-rxjs-v13.0.0-keyed",
  "keyed": true,
  "benchmark": "07_create10k",
  "type": "cpu",
  "min": 1349.965,
  "max": 1379.616,
  "mean": 1365.0524,
  "median": 1365.731,
  "geometricMean": 1365.0183737434063,
  "standardDeviation": 10.158605440161987,
  "values": [
    1349.965,
    1351.653,
    1357.741,
    1361.777,
    1363.776,
    1367.686,
    1368.582,
    1370.879,
    1378.849,
    1379.616
  ]
}