{"framework":"angular-nozone-v13.0.0-keyed","keyed":true,"benchmark":"02_replace1k","type":"cpu","min":132.763,"max":178.4659999999999,"mean":160.72159999999997,"median":160.38549999999998,"geometricMean":160.10931044167796,"standardDeviation":14.519479384606026,"values":[132.763,145.95,153.9269999999999,155.40700000000004,157.045,163.726,170.856,173.78199999999993,175.29399999999998,178.4659999999999]}