{"framework":"angular-nozone-v13.0.0-keyed","keyed":true,"benchmark":"25_run-clear-memory","type":"memory","min":2.083615303039551,"max":2.083615303039551,"mean":2.083615303039551,"median":2.083615303039551,"geometricMean":2.083615303039551,"standardDeviation":null,"values":[2.083615303039551]}