{
  "framework": "angular-rxjs-v13.0.0-keyed",
  "keyed": true,
  "benchmark": "25_run-clear-memory",
  "type": "memory",
  "min": 3.07645320892334,
  "max": 3.07645320892334,
  "mean": 3.07645320892334,
  "median": 3.07645320892334,
  "geometricMean": 3.07645320892334,
  "standardDeviation": null,
  "values": [
    3.07645320892334
  ]
}