{"framework":"angular-v13.0.0-keyed","keyed":true,"benchmark":"23_update5-memory","type":"memory","min":5.052851676940918,"max":5.052851676940918,"mean":5.052851676940918,"median":5.052851676940918,"geometricMean":5.052851676940918,"standardDeviation":null,"values":[5.052851676940918]}