{"framework":"angular-nozone-v13.0.0-keyed","keyed":true,"benchmark":"23_update5-memory","type":"memory","min":3.9243040084838867,"max":3.9243040084838867,"mean":3.9243040084838867,"median":3.9243040084838867,"geometricMean":3.9243040084838867,"standardDeviation":null,"values":[3.9243040084838867]}