{
  "framework": "angular-v13.0.0-keyed",
  "keyed": true,
  "benchmark": "07_create10k",
  "type": "cpu",
  "min": 1269.05,
  "max": 1289.832,
  "mean": 1277.5855000000001,
  "median": 1276.8539999999998,
  "geometricMean": 1277.568223951719,
  "standardDeviation": 7.009875545733122,
  "values": [
    1269.05,
    1269.44,
    1273.058,
    1273.556,
    1275.743,
    1277.965,
    1279.17,
    1280.315,
    1287.726,
    1289.832
  ]
}