{"framework":"angular-nozone-v13.0.0-keyed","keyed":true,"benchmark":"04_select1k","type":"cpu","min":54.372,"max":76.45800000000003,"mean":64.87710000000001,"median":64.71900000000001,"geometricMean":64.56108614782345,"standardDeviation":6.684952463057122,"values":[54.372,54.903999999999996,63.234,63.326,64.42000000000002,65.018,67.98200000000008,69.44400000000002,69.613,76.45800000000003]}