{"framework":"angular-v13.0.0-keyed","keyed":true,"benchmark":"25_run-clear-memory","type":"memory","min":2.609646797180176,"max":2.609646797180176,"mean":2.609646797180176,"median":2.609646797180176,"geometricMean":2.609646797180176,"standardDeviation":null,"values":[2.609646797180176]}