{"framework":"angular-nozone-v13.0.0-keyed","keyed":true,"benchmark":"21_ready-memory","type":"memory","min":1.4725828170776367,"max":1.4725828170776367,"mean":1.4725828170776367,"median":1.4725828170776367,"geometricMean":1.4725828170776367,"standardDeviation":null,"values":[1.4725828170776367]}