{
  "framework": "angular-rxjs-v13.0.0-keyed",
  "keyed": true,
  "benchmark": "01_run1k",
  "type": "cpu",
  "min": 133.263,
  "max": 143.36,
  "mean": 138.24349999999998,
  "median": 139.72699999999998,
  "geometricMean": 138.2038683406379,
  "standardDeviation": 3.481902521132184,
  "values": [
    133.263,
    133.996,
    134.298,
    136.342,
    139.724,
    139.73,
    140.264,
    140.548,
    140.91,
    143.36
  ]
}