{"framework":"angular-v13.0.0-keyed","keyed":true,"benchmark":"22_run-memory","type":"memory","min":4.969736099243164,"max":4.969736099243164,"mean":4.969736099243164,"median":4.969736099243164,"geometricMean":4.969736099243164,"standardDeviation":null,"values":[4.969736099243164]}