{
  "framework": "angular-rxjs-v13.0.0-keyed",
  "keyed": true,
  "benchmark": "05_swap1k",
  "type": "cpu",
  "min": 434.655,
  "max": 596.161,
  "mean": 494.7772,
  "median": 475.84749999999997,
  "geometricMean": 491.5548871151095,
  "standardDeviation": 60.44632641865931,
  "values": [
    434.655,
    436.718,
    440.58,
    445.413,
    466.823,
    484.872,
    522.508,
    553.564,
    566.478,
    596.161
  ]
}