{"framework":"angular-nozone-v13.0.0-keyed","keyed":true,"benchmark":"05_swap1k","type":"cpu","min":432.025,"max":519.672,"mean":470.76839999999993,"median":464.18399999999997,"geometricMean":470.0089849649002,"standardDeviation":28.366756338283665,"values":[432.025,438.723,455.0329999999999,458.85799999999995,460.27599999999995,468.092,475.646,491.923,507.436,519.672]}