{"framework":"angular-nozone-v13.0.0-keyed","keyed":true,"benchmark":"22_run-memory","type":"memory","min":3.8764915466308594,"max":3.8764915466308594,"mean":3.8764915466308594,"median":3.8764915466308594,"geometricMean":3.8764915466308594,"standardDeviation":null,"values":[3.8764915466308594]}