{"framework":"angular-v13.0.0-keyed","keyed":true,"benchmark":"21_ready-memory","type":"memory","min":1.9111871719360352,"max":1.9111871719360352,"mean":1.9111871719360352,"median":1.9111871719360352,"geometricMean":1.9111871719360352,"standardDeviation":null,"values":[1.9111871719360352]}