{
  "framework": "rx-angular-v13.0.0-keyed",
  "keyed": true,
  "benchmark": "01_run1k",
  "type": "cpu",
  "min": 409.251,
  "max": 456.089,
  "mean": 433.5123,
  "median": 438.0955,
  "geometricMean": 433.2692270277582,
  "standardDeviation": 15.259975273389031,
  "values": [
    409.251,
    415.043,
    421.342,
    424.404,
    437.841,
    438.35,
    439.808,
    444.725,
    448.27,
    456.089
  ]
}