{"framework":"rx-angular-immediate-v13.0.0-keyed","keyed":true,"benchmark":"23_update5-memory","type":"memory","min":34.69948101043701,"max":34.69948101043701,"mean":34.69948101043701,"median":34.69948101043701,"geometricMean":34.69948101043701,"standardDeviation":null,"values":[34.69948101043701]}