{"framework":"rx-angular-local-v13.0.0-keyed","keyed":true,"benchmark":"21_ready-memory","type":"memory","min":2.0440549850463867,"max":2.0440549850463867,"mean":2.0440549850463867,"median":2.0440549850463867,"geometricMean":2.0440549850463867,"standardDeviation":null,"values":[2.0440549850463867]}