{"framework":"rx-angular-global-v13.0.0-keyed","keyed":true,"benchmark":"21_ready-memory","type":"memory","min":2.0435943603515625,"max":2.0435943603515625,"mean":2.0435943603515625,"median":2.0435943603515625,"geometricMean":2.0435943603515625,"standardDeviation":null,"values":[2.0435943603515625]}