{"framework":"rx-angular-global-v13.0.0-keyed","keyed":true,"benchmark":"22_run-memory","type":"memory","min":34.34311866760254,"max":34.34311866760254,"mean":34.34311866760254,"median":34.34311866760254,"geometricMean":34.34311866760254,"standardDeviation":null,"values":[34.34311866760254]}