{"framework":"rx-angular-immediate-v13.0.0-keyed","keyed":true,"benchmark":"22_run-memory","type":"memory","min":34.32816505432129,"max":34.32816505432129,"mean":34.32816505432129,"median":34.32816505432129,"geometricMean":34.32816505432129,"standardDeviation":null,"values":[34.32816505432129]}