{"framework":"rx-angular-local-v13.0.0-keyed","keyed":true,"benchmark":"25_run-clear-memory","type":"memory","min":3.449960708618164,"max":3.449960708618164,"mean":3.449960708618164,"median":3.449960708618164,"geometricMean":3.449960708618164,"standardDeviation":null,"values":[3.449960708618164]}