{"framework":"rx-angular-local-v13.0.0-keyed","keyed":true,"benchmark":"22_run-memory","type":"memory","min":34.42334747314453,"max":34.42334747314453,"mean":34.42334747314453,"median":34.42334747314453,"geometricMean":34.42334747314453,"standardDeviation":null,"values":[34.42334747314453]}