{"framework":"rx-angular-global-v13.0.0-keyed","keyed":true,"benchmark":"23_update5-memory","type":"memory","min":34.78142833709717,"max":34.78142833709717,"mean":34.78142833709717,"median":34.78142833709717,"geometricMean":34.78142833709717,"standardDeviation":null,"values":[34.78142833709717]}