{"framework":"rx-angular-v13.0.0-keyed","keyed":true,"benchmark":"25_run-clear-memory","type":"memory","min":3.6618833541870117,"max":3.6618833541870117,"mean":3.6618833541870117,"median":3.6618833541870117,"geometricMean":3.6618833541870117,"standardDeviation":null,"values":[3.6618833541870117]}