{
  "framework": "rx-angular-v13.0.0-keyed",
  "keyed": true,
  "benchmark": "07_create10k",
  "type": "cpu",
  "min": 3824.261,
  "max": 6532.933,
  "mean": 6170.128200000001,
  "median": 6440.0815,
  "geometricMean": 6104.791323691895,
  "standardDeviation": 826.9583503297961,
  "values": [
    3824.261,
    6288.478,
    6355.368,
    6426.707,
    6435.684,
    6444.479,
    6456.35,
    6461.733,
    6475.289,
    6532.933
  ]
}