{"framework":"rx-angular-immediate-v13.0.0-keyed","keyed":true,"benchmark":"21_ready-memory","type":"memory","min":2.036923408508301,"max":2.036923408508301,"mean":2.036923408508301,"median":2.036923408508301,"geometricMean":2.036923408508301,"standardDeviation":null,"values":[2.036923408508301]}