{"framework":"rx-angular-v13.0.0-keyed","keyed":true,"benchmark":"23_update5-memory","type":"memory","min":34.380499839782715,"max":34.380499839782715,"mean":34.380499839782715,"median":34.380499839782715,"geometricMean":34.380499839782715,"standardDeviation":null,"values":[34.380499839782715]}