{
  "framework": "rx-angular-global-v13.0.0-keyed",
  "keyed": true,
  "benchmark": "07_create10k",
  "type": "cpu",
  "min": 2734.709,
  "max": 2826.279,
  "mean": 2787.2767000000003,
  "median": 2791.825,
  "geometricMean": 2787.116432988083,
  "standardDeviation": 31.45060678817575,
  "values": [
    2734.709,
    2741.397,
    2768.877,
    2780.275,
    2788.078,
    2795.572,
    2802.779,
    2816.88,
    2817.921,
    2826.279
  ]
}