{"framework":"rx-angular-v13.0.0-keyed","keyed":true,"benchmark":"22_run-memory","type":"memory","min":34.00412464141846,"max":34.00412464141846,"mean":34.00412464141846,"median":34.00412464141846,"geometricMean":34.00412464141846,"standardDeviation":null,"values":[34.00412464141846]}