{"framework":"rx-angular-immediate-v13.0.0-keyed","keyed":true,"benchmark":"25_run-clear-memory","type":"memory","min":3.630368232727051,"max":3.630368232727051,"mean":3.630368232727051,"median":3.630368232727051,"geometricMean":3.630368232727051,"standardDeviation":null,"values":[3.630368232727051]}