{"framework":"rx-angular-v13.0.0-keyed","keyed":true,"benchmark":"21_ready-memory","type":"memory","min":2.0419130325317383,"max":2.0419130325317383,"mean":2.0419130325317383,"median":2.0419130325317383,"geometricMean":2.0419130325317383,"standardDeviation":null,"values":[2.0419130325317383]}