{"framework":"rx-angular-local-v13.0.0-keyed","keyed":true,"benchmark":"23_update5-memory","type":"memory","min":34.569382667541504,"max":34.569382667541504,"mean":34.569382667541504,"median":34.569382667541504,"geometricMean":34.569382667541504,"standardDeviation":null,"values":[34.569382667541504]}