{"framework":"solid-v1.5.4-keyed","keyed":true,"benchmark":"22_run-memory","type":"memory","min":2.8313417434692383,"max":2.8313417434692383,"mean":2.8313417434692383,"median":2.8313417434692383,"geometricMean":2.8313417434692383,"standardDeviation":null,"values":[2.8313417434692383]}