{"framework":"solid-v1.5.4-keyed","keyed":true,"benchmark":"25_run-clear-memory","type":"memory","min":1.1289281845092773,"max":1.1289281845092773,"mean":1.1289281845092773,"median":1.1289281845092773,"geometricMean":1.1289281845092773,"standardDeviation":null,"values":[1.1289281845092773]}