{
  "framework": "solid-v1.5.4-keyed",
  "keyed": true,
  "benchmark": "07_create10k",
  "type": "cpu",
  "min": 1074.823,
  "max": 1091.911,
  "mean": 1084.1564000000003,
  "median": 1084.2195000000002,
  "geometricMean": 1084.1405548611256,
  "standardDeviation": 6.177039729694313,
  "values": [
    1074.823,
    1077.362,
    1077.695,
    1082.265,
    1083.035,
    1085.404,
    1087.319,
    1089.989,
    1091.761,
    1091.911
  ]
}