{"framework":"solid-v1.5.4-keyed","keyed":true,"benchmark":"26_run-10k-memory","type":"memory","min":19.997283935546875,"max":19.997283935546875,"mean":19.997283935546875,"median":19.997283935546875,"geometricMean":19.997283935546875,"standardDeviation":null,"values":[19.997283935546875]}