{"framework":"solid-v1.5.4-keyed","keyed":true,"benchmark":"23_update5-memory","type":"memory","min":2.841433525085449,"max":2.841433525085449,"mean":2.841433525085449,"median":2.841433525085449,"geometricMean":2.841433525085449,"standardDeviation":null,"values":[2.841433525085449]}