{"framework":"solid-v1.5.4-keyed","keyed":true,"benchmark":"21_ready-memory","type":"memory","min":0.9832010269165039,"max":0.9832010269165039,"mean":0.9832010269165039,"median":0.9832010269165039,"geometricMean":0.9832010269165039,"standardDeviation":null,"values":[0.9832010269165039]}